employee_id,full_name,role,department,email,location,date_of_birth,date_of_joining,manager_id,salary,leave_balance,leaves_taken,attendance_pct,performance_rating,last_review_date,username,password,access_role
FINEMP1000,Aadhya Patel,Sales Manager,Sales,aadhya.patel@fintechco.com,Ahmedabad,4/3/1991,11/20/2018,FINEMP1006,1332478.37,22,11,99.31,3,5/21/2024,,,
FINEMP1001,Isha Chowdhury,Credit Officer,Finance,isha.chowdhury@fintechco.com,Pune,9/21/1995,5/20/2021,FINEMP1005,1491158.23,8,3,85.15,5,1/20/2024,,,
FINEMP1002,Sakshi Malhotra,Relationship Manager,Sales,sakshi.malhotra@fintechco.com,Ahmedabad,8/5/1993,4/17/2023,FINEMP1008,1448927.95,21,7,86.31,2,2/11/2025,,,
FINEMP1003,Krishna Malhotra,Business Analyst,Business,krishna.malhotra@fintechco.com,Pune,12/20/1984,6/10/2018,FINEMP1003,519865.26,12,5,84.34,1,7/24/2024,,,
FINEMP1004,Aadhya Saxena,Marketing Manager,Marketing,aadhya.saxena@fintechco.com,Lucknow,3/31/1986,12/20/2022,FINEMP1008,1922205.04,21,10,86.03,3,1/12/2024,,,
FINEMP1005,Shaurya Joshi,Financial Analyst,Finance,shaurya.joshi@fintechco.com,Delhi,5/28/1977,10/31/2020,FINEMP1009,1085205.18,4,4,82.77,2,9/15/2024,,,
FINEMP1006,Sara Sharma,QA Engineer,Quality Assurance,sara.sharma@fintechco.com,Delhi,12/26/1989,5/15/2021,FINEMP1004,660681.91,11,10,96.49,2,2/26/2024,,,
FINEMP1007,Prisha Mehta,Marketing Manager,Marketing,prisha.mehta@fintechco.com,Bengaluru,11/1/1976,11/30/2020,FINEMP1000,1149019.58,11,10,82.97,4,1/31/2024,,,
FINEMP1008,Aadhya Chowdhury,Customer Support,Operations,aadhya.chowdhury@fintechco.com,Mumbai,6/18/1977,2/12/2019,FINEMP1007,370315.98,7,5,96.92,5,8/7/2024,,,
FINEMP1009,Sai Gupta,Credit Officer,Finance,sai.gupta@fintechco.com,Hyderabad,9/21/1976,10/13/2021,FINEMP1009,309717.04,10,4,90.29,2,4/22/2025,,,
FINEMP1010,Vihaan Chowdhury,HR Manager,HR,vihaan.chowdhury@fintechco.com,Kolkata,12/31/1996,10/23/2021,FINEMP1007,1201969.11,10,2,99.98,5,4/20/2024,,,
FINEMP1011,Sai Sharma,Business Analyst,Business,sai.sharma@fintechco.com,Ahmedabad,3/2/1975,5/21/2021,FINEMP1004,1129637.9,24,7,97.41,5,1/7/2024,,,
FINEMP1012,Ishaan Patel,Security Engineer,Technology,ishaan.patel@fintechco.com,Hyderabad,8/20/1977,3/14/2021,FINEMP1007,1703783.22,13,1,97.57,3,11/28/2024,,,
FINEMP1013,Prisha Banerjee,Security Engineer,Technology,prisha.banerjee@fintechco.com,Hyderabad,2/25/1982,4/12/2020,FINEMP1009,759800.28,8,2,99.38,1,11/6/2024,,,
FINEMP1014,Isha Desai,Treasury Analyst,Finance,isha.desai@fintechco.com,Chennai,11/5/1983,3/25/2023,FINEMP1002,467884.86,17,8,87.03,3,6/18/2024,,,
FINEMP1015,Ananya Singh,HR Manager,HR,ananya.singh@fintechco.com,Ahmedabad,7/14/1994,8/17/2018,FINEMP1001,1074426,1,0,86.84,4,7/6/2024,,,
FINEMP1016,Ananya Reddy,Relationship Manager,Sales,ananya.reddy@fintechco.com,Ahmedabad,10/27/1980,7/10/2020,FINEMP1003,1876390.13,28,5,85.52,5,3/16/2025,,,
FINEMP1017,Prisha Saxena,DevOps Engineer,Technology,prisha.saxena@fintechco.com,Bengaluru,5/17/1977,10/20/2019,FINEMP1004,526736.68,20,6,88.24,1,4/10/2025,,,
FINEMP1018,Vivaan Reddy,Compliance Officer,Compliance,vivaan.reddy@fintechco.com,Chennai,11/20/1975,11/17/2024,FINEMP1001,480639.52,29,17,89.53,5,5/9/2024,,,
FINEMP1019,Isha Chowdhury,Relationship Manager,Sales,isha.chowdhury@fintechco.com,Lucknow,8/21/1985,3/6/2019,FINEMP1000,443210.71,11,3,87.92,5,12/20/2024,,,
FINEMP1020,Krishna Verma,Sales Manager,Sales,krishna.verma@fintechco.com,Mumbai,6/25/1978,11/29/2024,FINEMP1007,969422.69,24,13,94.35,1,9/14/2024,,,
FINEMP1021,Vihaan Verma,Treasury Analyst,Finance,vihaan.verma@fintechco.com,Delhi,7/27/1976,5/29/2022,FINEMP1006,1940128.43,23,4,83.76,1,3/14/2025,,,
FINEMP1022,Sai Khan,Customer Support,Operations,sai.khan@fintechco.com,Kolkata,6/3/1988,9/7/2023,FINEMP1005,1392523.21,9,4,81.41,1,3/31/2025,,,
FINEMP1023,Krishna Gupta,Business Analyst,Business,krishna.gupta@fintechco.com,Lucknow,3/23/1992,5/6/2024,FINEMP1004,1154429.09,16,7,80.64,2,1/6/2024,,,
FINEMP1024,Reyansh Mehta,Security Engineer,Technology,reyansh.mehta@fintechco.com,Delhi,12/19/1994,3/23/2023,FINEMP1001,611560.84,29,8,91.43,2,1/17/2025,,,
FINEMP1025,Krishna Reddy,Marketing Manager,Marketing,krishna.reddy@fintechco.com,Hyderabad,6/8/1999,6/12/2021,FINEMP1004,340969.05,18,4,84.73,3,4/5/2024,,,
FINEMP1026,Ishaan Patel,Blockchain Developer,Technology,ishaan.patel@fintechco.com,Delhi,12/4/1983,8/25/2024,FINEMP1007,1836299.49,14,13,86.13,1,12/12/2024,,,
FINEMP1027,Myra Desai,Security Engineer,Technology,myra.desai@fintechco.com,Ahmedabad,10/20/1978,2/25/2019,FINEMP1009,1710679.64,4,2,96.01,1,6/8/2024,,,
FINEMP1028,Isha Nair,Compliance Officer,Compliance,isha.nair@fintechco.com,Bengaluru,11/14/1983,6/4/2024,FINEMP1007,1343177.54,20,6,96.85,4,3/14/2025,,,
FINEMP1029,Aditya Patel,Data Analyst,Data,aditya.patel@fintechco.com,Pune,6/28/1997,1/17/2020,FINEMP1009,1128053.06,23,11,97.48,2,2/21/2025,,,
FINEMP1030,Vihaan Reddy,Data Scientist,Data,vihaan.reddy@fintechco.com,Chennai,1/30/1984,4/27/2020,FINEMP1003,436056.24,25,13,90.6,5,2/7/2024,,,
FINEMP1031,Isha Desai,Compliance Officer,Compliance,isha.desai@fintechco.com,Lucknow,6/26/1996,12/16/2023,FINEMP1009,1363418.93,6,6,84.54,5,12/14/2024,,,
FINEMP1032,Arjun Desai,Financial Analyst,Finance,arjun.desai@fintechco.com,Ahmedabad,1/29/1985,10/21/2024,FINEMP1009,1069322.39,29,24,96.83,1,1/20/2024,,,
FINEMP1033,Saanvi Bhat,Risk Analyst,Risk,saanvi.bhat@fintechco.com,Hyderabad,10/7/1985,6/26/2022,FINEMP1003,1513021.23,8,2,97.62,1,10/9/2024,,,
FINEMP1034,Diya Desai,Marketing Manager,Marketing,diya.desai@fintechco.com,Ahmedabad,9/5/1980,1/9/2023,FINEMP1002,1243560.93,26,4,97.76,2,9/8/2024,,,
FINEMP1035,Arjun Chopra,Treasury Analyst,Finance,arjun.chopra@fintechco.com,Bengaluru,4/25/1991,2/20/2019,FINEMP1005,1507283.59,21,11,80.39,3,4/4/2025,,,
FINEMP1036,Avni Khan,Business Analyst,Business,avni.khan@fintechco.com,Hyderabad,11/16/1977,5/8/2022,FINEMP1002,1875290.4,17,10,91.5,4,7/5/2024,,,
FINEMP1037,Vihaan Garg,Sales Manager,Sales,vihaan.garg@fintechco.com,Jaipur,8/12/1986,2/5/2023,FINEMP1001,403990.23,19,19,99.74,5,1/10/2024,,,
FINEMP1038,Diya Bhat,Security Engineer,Technology,diya.bhat@fintechco.com,Pune,1/23/1994,2/22/2018,FINEMP1007,1152589.39,4,3,92.5,4,5/13/2024,,,
FINEMP1039,Sai Desai,DevOps Engineer,Technology,sai.desai@fintechco.com,Bengaluru,8/25/1994,8/28/2021,FINEMP1005,1246312.4,10,3,90.36,5,10/24/2024,,,
FINEMP1040,Vihaan Reddy,QA Engineer,Quality Assurance,vihaan.reddy@fintechco.com,Hyderabad,2/8/1985,4/23/2021,FINEMP1006,1039818.46,8,7,94.28,3,3/24/2024,,,
FINEMP1041,Shaurya Joshi,Relationship Manager,Sales,shaurya.joshi@fintechco.com,Mumbai,1/15/1995,6/15/2023,FINEMP1000,1703490.23,7,6,90.84,1,7/30/2024,,,
FINEMP1042,Vihaan Desai,Customer Support,Operations,vihaan.desai@fintechco.com,Pune,12/1/1992,3/28/2024,FINEMP1007,1785167.47,16,1,89.15,4,4/28/2025,,,
FINEMP1043,Aadhya Singh,Sales Manager,Sales,aadhya.singh@fintechco.com,Pune,5/24/1984,6/2/2024,FINEMP1000,849227.01,17,14,91.97,4,2/16/2024,,,
FINEMP1044,Isha Desai,Software Engineer,Technology,isha.desai@fintechco.com,Chennai,12/22/1988,12/3/2021,FINEMP1008,667541.44,9,1,88.61,5,9/13/2024,,,
FINEMP1045,Ananya Banerjee,Data Analyst,Data,ananya.banerjee@fintechco.com,Mumbai,4/7/1996,10/29/2023,FINEMP1000,911824.83,14,4,99.1,4,2/5/2025,,,
FINEMP1046,Shaurya Joshi,Marketing Manager,Marketing,shaurya.joshi@fintechco.com,Kolkata,12/21/1987,11/3/2018,FINEMP1008,865704.81,19,17,94.1,1,4/13/2024,,,
FINEMP1047,Ishaan Singh,Business Analyst,Business,ishaan.singh@fintechco.com,Chennai,11/25/1981,11/25/2018,FINEMP1007,1858162.08,24,24,86.19,5,3/6/2025,,,
FINEMP1048,Isha Singh,Financial Analyst,Finance,isha.singh@fintechco.com,Delhi,10/22/1994,3/26/2023,FINEMP1008,1386670.96,14,7,98.85,3,7/31/2024,,,
FINEMP1049,Arjun Garg,Product Manager,Product,arjun.garg@fintechco.com,Hyderabad,9/17/1977,5/8/2024,FINEMP1005,1447037.81,13,4,85.89,5,2/1/2024,,,
FINEMP1050,Myra Gupta,QA Engineer,Quality Assurance,myra.gupta@fintechco.com,Lucknow,10/12/1982,2/1/2021,FINEMP1008,865633.34,25,6,97.9,1,5/17/2024,,,
FINEMP1051,Reyansh Saxena,Security Engineer,Technology,reyansh.saxena@fintechco.com,Bengaluru,10/9/1992,9/1/2023,FINEMP1000,1064443.02,26,2,80.35,4,4/15/2025,,,
FINEMP1052,Ishaan Singh,Relationship Manager,Sales,ishaan.singh@fintechco.com,Kolkata,5/14/1998,7/9/2018,FINEMP1000,1673343.38,0,0,80.95,4,6/8/2024,,,
FINEMP1053,Isha Sharma,Customer Support,Operations,isha.sharma@fintechco.com,Kolkata,12/7/1991,11/8/2020,FINEMP1002,1502270.01,7,7,91.65,5,5/12/2024,,,
FINEMP1054,Ishaan Singh,Data Scientist,Data,ishaan.singh@fintechco.com,Delhi,5/28/1975,10/12/2019,FINEMP1004,1675521.46,21,4,84.17,1,6/21/2024,,,
FINEMP1055,Aditya Saxena,HR Manager,HR,aditya.saxena@fintechco.com,Ahmedabad,8/27/1981,9/30/2024,FINEMP1009,745459.27,11,2,91.63,1,3/7/2024,,,
FINEMP1056,Saanvi Bhat,UX Designer,Design,saanvi.bhat@fintechco.com,Delhi,10/25/1980,8/15/2018,FINEMP1004,685364.51,2,1,99.67,2,6/24/2024,,,
FINEMP1057,Aditya Kapoor,Marketing Manager,Marketing,aditya.kapoor@fintechco.com,Lucknow,10/19/1979,4/22/2022,FINEMP1006,1641119.13,10,1,92.5,2,6/7/2024,,,
FINEMP1058,Avni Chopra,Financial Analyst,Finance,avni.chopra@fintechco.com,Hyderabad,7/25/1990,9/3/2019,FINEMP1006,1098952.83,8,3,96.31,5,1/31/2025,,,
FINEMP1059,Saanvi Malhotra,Customer Support,Operations,saanvi.malhotra@fintechco.com,Lucknow,5/31/1995,8/30/2018,FINEMP1006,1430154.39,12,12,93.02,2,4/25/2025,,,
FINEMP1060,Arjun Mehta,Sales Manager,Sales,arjun.mehta@fintechco.com,Bengaluru,8/27/1985,11/5/2020,FINEMP1007,1258070.34,6,0,98.75,4,9/21/2024,,,
FINEMP1061,Vivaan Chowdhury,Blockchain Developer,Technology,vivaan.chowdhury@fintechco.com,Jaipur,9/21/1982,3/1/2020,FINEMP1008,1349620.28,9,0,81.37,3,1/19/2024,,,
FINEMP1062,Ananya Iyer,Product Manager,Product,ananya.iyer@fintechco.com,Chennai,7/13/1982,8/23/2019,FINEMP1007,1641718.19,17,7,96.07,1,3/9/2025,,,
FINEMP1063,Aadhya Kapoor,Risk Analyst,Risk,aadhya.kapoor@fintechco.com,Jaipur,7/10/1991,10/27/2021,FINEMP1004,1833641.2,8,1,85.81,2,6/29/2024,,,
FINEMP1064,Saanvi Nair,Risk Analyst,Risk,saanvi.nair@fintechco.com,Lucknow,9/11/1982,5/12/2021,FINEMP1004,1809813.11,0,0,83.64,2,5/17/2024,,,
FINEMP1065,Myra Garg,Blockchain Developer,Technology,myra.garg@fintechco.com,Lucknow,5/9/1989,3/28/2019,FINEMP1004,1947873.28,6,2,81.24,2,10/3/2024,,,
FINEMP1066,Diya Iyer,Sales Manager,Sales,diya.iyer@fintechco.com,Jaipur,5/24/1977,12/19/2020,FINEMP1008,1333935.56,24,10,91.78,1,1/9/2025,,,
FINEMP1067,Shaurya Chopra,Compliance Officer,Compliance,shaurya.chopra@fintechco.com,Lucknow,3/26/1998,10/6/2021,FINEMP1001,368244.88,0,0,80.02,3,5/1/2024,,,
FINEMP1068,Shaurya Singh,Data Scientist,Data,shaurya.singh@fintechco.com,Jaipur,5/2/1979,2/23/2024,FINEMP1002,1803057.99,6,0,81.1,3,11/14/2024,,,
FINEMP1069,Vivaan Saxena,Risk Analyst,Risk,vivaan.saxena@fintechco.com,Lucknow,7/25/1996,4/21/2018,FINEMP1003,1596298.88,21,12,96.61,4,9/28/2024,,,
FINEMP1070,Saanvi Banerjee,Credit Officer,Finance,saanvi.banerjee@fintechco.com,Pune,10/20/1978,12/24/2020,FINEMP1000,1872784.84,17,6,95.36,2,2/4/2024,,,
FINEMP1071,Vivaan Verma,Credit Officer,Finance,vivaan.verma@fintechco.com,Bengaluru,4/27/1986,3/21/2019,FINEMP1008,1643988.07,0,0,98.33,2,10/15/2024,,,
FINEMP1072,Saanvi Gupta,QA Engineer,Quality Assurance,saanvi.gupta@fintechco.com,Bengaluru,8/31/1998,11/8/2019,FINEMP1003,1333187.28,15,1,97.66,3,7/14/2024,,,
FINEMP1073,Diya Nair,Relationship Manager,Sales,diya.nair@fintechco.com,Delhi,11/24/1988,8/22/2024,FINEMP1004,1416536.32,0,0,95.13,5,1/29/2025,,,
FINEMP1074,Vihaan Chopra,Relationship Manager,Sales,vihaan.chopra@fintechco.com,Mumbai,3/28/1996,9/10/2024,FINEMP1005,1938308.68,6,5,92.42,3,4/12/2025,,,
FINEMP1075,Ananya Khan,QA Engineer,Quality Assurance,ananya.khan@fintechco.com,Mumbai,3/30/1994,5/14/2019,FINEMP1009,687174.91,6,4,87.01,5,4/27/2025,,,
FINEMP1076,Avni Chowdhury,Credit Officer,Finance,avni.chowdhury@fintechco.com,Delhi,3/28/1994,1/25/2022,FINEMP1008,589221.29,27,26,88.76,4,2/25/2024,,,
FINEMP1077,Krishna Nair,UX Designer,Design,krishna.nair@fintechco.com,Mumbai,8/16/1995,12/7/2019,FINEMP1004,1477253.1,8,5,97.75,1,8/6/2024,,,
FINEMP1078,Prisha Chopra,Data Analyst,Data,prisha.chopra@fintechco.com,Lucknow,3/18/1981,8/1/2023,FINEMP1001,1438958.04,24,1,90.49,2,2/28/2024,,,
FINEMP1079,Krishna Iyer,Financial Analyst,Finance,krishna.iyer@fintechco.com,Ahmedabad,2/29/1984,10/5/2023,FINEMP1000,1507078.74,20,11,87.41,3,1/22/2024,,,
FINEMP1080,Avni Reddy,Data Analyst,Data,avni.reddy@fintechco.com,Pune,1/29/1995,2/24/2021,FINEMP1000,400948.72,14,0,81.49,5,12/8/2024,,,
FINEMP1081,Sakshi Malhotra,Credit Officer,Finance,sakshi.malhotra@fintechco.com,Mumbai,6/9/1997,6/9/2019,FINEMP1004,1113984.52,25,18,80.71,3,7/26/2024,,,
FINEMP1082,Vihaan Chowdhury,Financial Analyst,Finance,vihaan.chowdhury@fintechco.com,Hyderabad,6/24/1998,7/22/2018,FINEMP1005,1036719.56,18,7,93.4,2,1/21/2024,,,
FINEMP1083,Krishna Malhotra,Sales Manager,Sales,krishna.malhotra@fintechco.com,Pune,8/20/1976,12/26/2022,FINEMP1001,1413177.7,25,21,91.85,1,1/21/2024,,,
FINEMP1084,Saanvi Chowdhury,Business Analyst,Business,saanvi.chowdhury@fintechco.com,Pune,3/24/1976,6/22/2023,FINEMP1004,1982774.95,5,4,99.17,2,6/10/2024,,,
FINEMP1085,Aadhya Mehta,QA Engineer,Quality Assurance,aadhya.mehta@fintechco.com,Kolkata,12/3/1983,10/11/2021,FINEMP1000,1026240.03,6,6,92.28,2,12/19/2024,,,
FINEMP1086,Diya Iyer,Data Analyst,Data,diya.iyer@fintechco.com,Kolkata,9/24/1989,11/28/2018,FINEMP1006,1950772.9,2,2,88.26,5,3/21/2024,,,
FINEMP1087,Avni Nair,Relationship Manager,Sales,avni.nair@fintechco.com,Chennai,8/5/1999,10/6/2021,FINEMP1008,1333720.85,19,3,90.98,2,5/16/2024,,,
FINEMP1088,Avni Chowdhury,Customer Support,Operations,avni.chowdhury@fintechco.com,Delhi,5/18/1989,11/25/2020,FINEMP1005,614347.62,15,0,98.8,5,4/14/2024,,,
FINEMP1089,Aarav Joshi,Security Engineer,Technology,aarav.joshi@fintechco.com,Lucknow,5/7/1977,3/1/2021,FINEMP1003,330010.27,4,4,82.24,1,10/29/2024,,,
FINEMP1090,Arjun Chowdhury,Software Engineer,Technology,arjun.chowdhury@fintechco.com,Hyderabad,2/4/1993,7/30/2022,FINEMP1007,454938.59,23,9,91.15,1,9/26/2024,,,
FINEMP1091,Diya Desai,Compliance Officer,Compliance,diya.desai@fintechco.com,Chennai,5/28/1982,3/23/2022,FINEMP1008,1262938.4,19,3,86.4,1,8/30/2024,,,
FINEMP1092,Ananya Nair,HR Manager,HR,ananya.nair@fintechco.com,Hyderabad,11/12/1997,11/25/2019,FINEMP1003,512211.07,4,4,85.19,3,5/18/2024,,,
FINEMP1093,Shaurya Sharma,Product Manager,Product,shaurya.sharma@fintechco.com,Mumbai,10/18/1976,7/28/2024,FINEMP1002,1325752.2,12,9,93.73,5,1/31/2024,,,
FINEMP1094,Aarav Kapoor,UX Designer,Design,aarav.kapoor@fintechco.com,Lucknow,12/4/1994,6/29/2023,FINEMP1007,1373465.39,24,2,91.59,2,10/23/2024,,,
FINEMP1095,Ananya Khan,QA Engineer,Quality Assurance,ananya.khan@fintechco.com,Delhi,4/9/1997,3/12/2021,FINEMP1008,305337.03,18,4,88.06,5,2/15/2024,,,
FINEMP1096,Krishna Bhat,Credit Officer,Finance,krishna.bhat@fintechco.com,Delhi,7/25/1983,3/25/2022,FINEMP1003,807527.48,8,6,97.67,3,1/4/2024,,,
FINEMP1097,Sakshi Kapoor,Marketing Manager,Marketing,sakshi.kapoor@fintechco.com,Bengaluru,9/14/1995,2/10/2018,FINEMP1000,1468652.84,18,14,94.91,2,5/14/2024,,,
FINEMP1098,Arjun Patel,Risk Analyst,Risk,arjun.patel@fintechco.com,Jaipur,1/29/1994,11/26/2018,FINEMP1004,1521060.31,19,9,92.26,4,8/6/2024,,,
FINEMP1099,Shaurya Chowdhury,DevOps Engineer,Technology,shaurya.chowdhury@fintechco.com,Mumbai,11/20/1996,7/28/2020,FINEMP1008,586137.55,12,3,95.52,3,11/9/2024,,,
FINEMP1100,Gowtham Henry,Chief Executive Officer,Executive,gowtham.henry@fintechco.com,Houston,11/14/1981,4/5/2025,FINEMP1100,4668944.45,14,1,80.42,1,2/16/2026,,,
FINEMP1101,Aakanksha Scott,Brand Manager,Marketing,aakanksha.scott@fintechco.com,Houston,11/18/1973,10/30/2012,FINEMP1179,1131433.41,17,9,80.48,5,2/26/2019,,,
FINEMP1102,Kiran Malone,Accountant,Finance,kiran.malone@fintechco.com,Houston,3/20/1967,6/29/1989,FINEMP1299,934126.83,12,8,96.64,3,3/31/2022,,,
FINEMP1103,Sahithi Cole,Support Specialist,Operations,sahithi.cole@fintechco.com,Houston,9/8/1981,3/29/2024,FINEMP1240,716512.86,4,4,97.73,3,2/4/2025,,,
FINEMP1104,Yasasvi White,HR Generalist,HR,yasasvi.white@fintechco.com,Houston,8/4/1973,12/17/2024,FINEMP1108,1013068.26,26,2,79.73,3,11/8/2025,,,
FINEMP1105,Diana Russell,Chief Marketing Officer,Executive,diana.russell@fintechco.com,Kolkata,9/7/2004,11/9/2024,FINEMP1100,5524105.84,5,3,72.21,4,10/29/2025,,,
FINEMP1106,Monica Bradley,Sales Executive,Sales,monica.bradley@fintechco.com,Bengaluru,6/24/1985,3/13/2013,FINEMP1230,1782634.14,8,9,75.41,3,5/3/2022,,,
FINEMP1107,Michael Nelson,DevOps Engineer,Engineering,michael.nelson@fintechco.com,Delhi,6/16/1990,4/3/2016,FINEMP1238,2588874.38,18,10,79.25,3,10/12/2023,,,
FINEMP1108,Jay Larson,Talent Acquisition,HR,jay.larson@fintechco.com,Delhi,11/13/1975,9/26/1996,FINEMP1055,1405169.46,7,4,96.8,4,8/5/2000,,,
FINEMP1109,Jason Harrington,Software Engineer,Engineering,jason.harrington@fintechco.com,Pune,10/28/1988,7/29/2017,FINEMP1156,1506068,22,10,75.49,5,7/28/2018,,,
FINEMP1110,Patrick Howard,Customer Success,Operations,patrick.howard@fintechco.com,Bengaluru,7/31/1967,1/14/2021,FINEMP1161,1521894.83,22,4,86.24,1,12/10/2025,,,
FINEMP1111,Susan Garcia,Financial Analyst,Finance,susan.garcia@fintechco.com,Delhi,8/3/1974,12/1/2001,FINEMP1079,1322685.73,16,14,78.19,4,9/3/2017,,,
FINEMP1112,Donna Lewis,Brand Manager,Marketing,donna.lewis@fintechco.com,Jaipur,8/29/1993,3/10/2019,FINEMP1300,1972922.03,9,7,74.31,1,11/4/2023,,,
FINEMP1113,David Martin,SEO Analyst,Marketing,david.martin@fintechco.com,Ahmedabad,9/4/1994,3/5/2024,FINEMP1046,740117.22,29,12,76.22,4,11/3/2025,,,
FINEMP1114,Lisa Fowler,Brand Manager,Marketing,lisa.fowler@fintechco.com,Ahmedabad,3/21/1978,10/4/2025,FINEMP1127,721619.87,29,3,91.51,3,11/19/2025,,,
FINEMP1115,Christopher Arnold,Sales Manager,Sales,christopher.arnold@fintechco.com,Chennai,11/29/1991,4/29/2024,FINEMP1221,1307660.43,10,0,95.45,4,5/24/2025,,,
FINEMP1116,Michelle Nicholson,Financial Analyst,Finance,michelle.nicholson@fintechco.com,Bengaluru,4/14/1975,9/30/2005,FINEMP1249,702490.71,0,4,97.06,3,3/7/2019,,,
FINEMP1117,Dean Morales,Product Analyst,Business,dean.morales@fintechco.com,Lucknow,6/17/1985,4/30/2011,FINEMP1278,662086.15,27,9,96.89,2,5/17/2019,,,
FINEMP1118,Colton Johnson,Finance Manager,Finance,colton.johnson@fintechco.com,Jaipur,2/8/1998,1/12/2019,FINEMP1294,1388472.52,23,12,89.56,5,1/23/2025,,,
FINEMP1119,Meghan Burton,Operations Associate,Operations,meghan.burton@fintechco.com,Pune,10/7/1989,11/26/2024,FINEMP1008,1229392.84,2,5,90.08,2,2/14/2026,,,
FINEMP1120,Calvin Tapia,Support Specialist,Operations,calvin.tapia@fintechco.com,Chennai,9/9/1989,8/9/2015,FINEMP1228,1059873.63,14,11,83.34,5,2/6/2017,,,
FINEMP1121,Michael Williams,Business Analyst,Business,michael.williams@fintechco.com,Delhi,1/13/1981,7/3/2021,FINEMP1011,597362,4,0,93.95,2,8/6/2022,,,
FINEMP1122,Jackie Kelly,Customer Success,Operations,jackie.kelly@fintechco.com,Lucknow,7/22/1981,5/5/2003,FINEMP1255,916005.49,30,8,98,3,10/4/2010,,,
FINEMP1123,Jillian Jackson,Talent Acquisition,HR,jillian.jackson@fintechco.com,Mumbai,10/17/1974,6/23/2011,FINEMP1159,1491072.89,18,1,99.89,4,11/19/2021,,,
FINEMP1124,Christine Clayton,Project Manager,Business,christine.clayton@fintechco.com,Bengaluru,8/27/1969,1/24/2023,FINEMP1125,1730732.05,3,0,99.5,3,1/31/2024,,,
FINEMP1125,Autumn Young,Product Analyst,Business,autumn.young@fintechco.com,Ahmedabad,2/8/1977,8/17/1999,FINEMP1003,1043009.61,23,14,71.23,3,8/26/2001,,,
FINEMP1126,James Gallegos,Project Manager,Business,james.gallegos@fintechco.com,Pune,7/13/2002,8/31/2023,FINEMP1125,1745480.33,27,8,77.51,1,7/22/2025,,,
FINEMP1127,Kelly Leonard,SEO Analyst,Marketing,kelly.leonard@fintechco.com,Kolkata,3/23/1983,6/13/2017,FINEMP1266,943979.73,6,2,89.92,3,12/16/2017,,,
FINEMP1128,Joshua Payne,Customer Success,Operations,joshua.payne@fintechco.com,Bengaluru,12/26/1978,4/18/1998,FINEMP1155,530704.48,14,3,89.81,5,8/24/2021,,,
FINEMP1129,Christopher Allison,Chief Executive Officer,Executive,christopher.allison@fintechco.com,Pune,6/21/1966,3/23/2006,FINEMP1265,2952624.82,0,1,88.96,5,8/18/2018,,,
FINEMP1130,Edward Smith,Customer Success,Operations,edward.smith@fintechco.com,Jaipur,5/15/1973,4/11/2004,FINEMP1257,533635.17,24,4,84.82,1,8/27/2017,,,
FINEMP1131,Emma Huynh,Marketing Manager,Marketing,emma.huynh@fintechco.com,Ahmedabad,10/5/2003,1/2/2024,FINEMP1025,1621581.47,7,9,75.54,5,9/10/2025,,,
FINEMP1132,Shawna Sanchez,Customer Success,Operations,shawna.sanchez@fintechco.com,Ahmedabad,7/28/1983,10/31/2002,FINEMP1246,1017030.69,2,1,71.78,4,9/16/2004,,,
FINEMP1133,Joseph Phillips,HR Generalist,HR,joseph.phillips@fintechco.com,Hyderabad,9/19/1996,2/4/2017,FINEMP1170,1496669.36,28,10,97.57,2,5/22/2018,,,
FINEMP1134,Sonya Johnson,Finance Manager,Finance,sonya.johnson@fintechco.com,Kolkata,3/20/2000,1/13/2022,FINEMP1079,600337.89,16,0,72.95,4,8/15/2024,,,
FINEMP1135,Sharon Carter,Support Specialist,Operations,sharon.carter@fintechco.com,Bengaluru,3/19/1972,7/25/2005,FINEMP1240,1048696.2,0,3,98.37,3,3/29/2023,,,
FINEMP1136,Lisa Williams,Operations Associate,Operations,lisa.williams@fintechco.com,Hyderabad,7/14/1993,5/1/2024,FINEMP1103,1482774.05,9,7,87.3,1,11/16/2024,,,
FINEMP1137,Rachel Murphy,QA Engineer,Engineering,rachel.murphy@fintechco.com,Chennai,5/17/1982,9/28/2009,FINEMP1238,1303946.68,12,14,85.27,4,7/22/2024,,,
FINEMP1138,Taylor Waters,Account Executive,Sales,taylor.waters@fintechco.com,Ahmedabad,11/3/2001,4/30/2025,FINEMP1165,1186735.36,1,3,97.9,5,2/2/2026,,,
FINEMP1139,Rachel Smith,Sales Manager,Sales,rachel.smith@fintechco.com,Hyderabad,10/3/1973,11/12/2001,FINEMP1211,818405.84,18,4,84.18,1,1/8/2019,,,
FINEMP1140,Ashley Gould,HR Generalist,HR,ashley.gould@fintechco.com,Hyderabad,8/19/1993,4/21/2022,FINEMP1199,830649.89,29,11,88.45,4,8/23/2024,,,
FINEMP1141,Joshua Carlson,Credit Officer,Finance,joshua.carlson@fintechco.com,Hyderabad,7/14/1972,6/16/2004,FINEMP1243,1841375.59,22,10,89.14,1,10/16/2025,,,
FINEMP1142,Robert Rodriguez,Data Engineer,Engineering,robert.rodriguez@fintechco.com,Hyderabad,1/15/1983,8/6/2018,FINEMP1194,2217149.88,0,4,93.63,5,5/31/2025,,,
FINEMP1143,Phyllis Warren,Operations Associate,Operations,phyllis.warren@fintechco.com,Delhi,7/26/1994,5/21/2024,FINEMP1201,604562.26,13,11,89.95,5,11/23/2024,,,
FINEMP1144,Jillian Martin,Operations Associate,Operations,jillian.martin@fintechco.com,Hyderabad,8/15/1977,11/5/2003,FINEMP1214,464639.13,10,8,72.87,5,12/17/2016,,,
FINEMP1145,Latoya Garza,Business Analyst,Business,latoya.garza@fintechco.com,Hyderabad,6/20/1968,6/10/2012,FINEMP1234,1520685.27,12,9,85.28,2,7/2/2023,,,
FINEMP1146,Shawn Henry,DevOps Engineer,Engineering,shawn.henry@fintechco.com,Hyderabad,9/23/1982,7/14/2011,FINEMP1195,1433865.04,9,10,96,3,9/13/2024,,,
FINEMP1147,Brandon Benson,Operations Associate,Operations,brandon.benson@fintechco.com,Hyderabad,3/27/1968,3/26/2013,FINEMP1213,1070944.38,3,0,99.73,2,6/6/2017,,,
FINEMP1148,Joshua Rivera,Business Analyst,Business,joshua.rivera@fintechco.com,Hyderabad,6/9/1976,6/1/1995,FINEMP1258,487186.85,11,6,98.5,4,5/5/2017,,,
FINEMP1149,Gabriel Rodgers,Operations Analyst,Business,gabriel.rodgers@fintechco.com,Lucknow,3/3/2001,7/5/2023,FINEMP1303,680313.94,0,0,85.87,5,11/23/2025,,,
FINEMP1150,Laura Alvarez,Financial Analyst,Finance,laura.alvarez@fintechco.com,Jaipur,6/7/1982,7/19/2019,FINEMP1245,902347.4,16,12,86.48,3,1/29/2021,,,
FINEMP1151,Thomas Carroll,Marketing Manager,Marketing,thomas.carroll@fintechco.com,Jaipur,12/17/1983,8/19/2002,FINEMP1007,694191.32,2,2,89.5,2,5/24/2004,,,
FINEMP1152,Jodi Davis,Accountant,Finance,jodi.davis@fintechco.com,Delhi,8/8/1981,5/22/2010,FINEMP1244,2041812.95,18,1,78.04,4,3/8/2019,,,
FINEMP1153,Regina Conner,Marketing Specialist,Marketing,regina.conner@fintechco.com,Jaipur,7/1/1983,10/25/2008,FINEMP1288,1862934,27,6,94.86,4,11/23/2014,,,
FINEMP1154,Robert Ruiz,HR Manager,HR,robert.ruiz@fintechco.com,Bengaluru,11/28/1980,10/19/2016,FINEMP1171,1359226.68,7,5,72.97,2,7/17/2020,,,
FINEMP1155,Sarah White,Operations Associate,Operations,sarah.white@fintechco.com,Mumbai,5/1/1977,2/15/2010,FINEMP1257,504164.98,19,11,86.43,1,8/6/2016,,,
FINEMP1156,Jason Rodriguez,Data Engineer,Engineering,jason.rodriguez@fintechco.com,Bengaluru,9/20/1977,12/20/2008,FINEMP1219,2687432.54,4,3,88.78,4,5/28/2013,,,
FINEMP1157,Michael Larson,Credit Officer,Finance,michael.larson@fintechco.com,Lucknow,12/7/1979,11/10/2009,FINEMP1235,658109.1,16,3,71.95,4,9/6/2013,,,
FINEMP1158,James Garcia,Brand Manager,Marketing,james.garcia@fintechco.com,Chennai,1/9/1976,7/7/2020,FINEMP1004,534697.94,1,6,71.4,1,2/1/2024,,,
FINEMP1159,Kendra Sanders,Talent Acquisition,HR,kendra.sanders@fintechco.com,Pune,11/3/1992,5/15/2020,FINEMP1186,463299.81,16,3,73.63,5,11/28/2024,,,
FINEMP1160,Dylan Rojas,Customer Success,Operations,dylan.rojas@fintechco.com,Delhi,11/29/1997,5/18/2020,FINEMP1130,1159617.3,4,0,70.89,3,1/26/2023,,,
FINEMP1161,Megan Lucas,Operations Associate,Operations,megan.lucas@fintechco.com,Bengaluru,9/21/1989,11/6/2024,FINEMP1291,1059025.92,24,12,90.26,3,1/2/2026,,,
FINEMP1162,Jennifer Williams,Support Specialist,Operations,jennifer.williams@fintechco.com,Chennai,5/8/2001,5/10/2022,FINEMP1042,1004093.69,13,13,72.52,4,2/11/2023,,,
FINEMP1163,Katherine Murray,Data Engineer,Engineering,katherine.murray@fintechco.com,Mumbai,1/30/1990,5/26/2023,FINEMP1219,1489283.18,0,1,77.58,3,11/27/2023,,,
FINEMP1164,Ashley Pena,Marketing Manager,Marketing,ashley.pena@fintechco.com,Delhi,8/3/1966,9/30/1992,FINEMP1225,1742158.32,1,6,81.64,3,2/21/2015,,,
FINEMP1165,Breanna Taylor,Account Executive,Sales,breanna.taylor@fintechco.com,Kolkata,9/7/1983,10/3/2003,FINEMP1273,740546.83,8,13,81.06,5,2/3/2008,,,
FINEMP1166,Marcus Wilkins,Relationship Manager,Sales,marcus.wilkins@fintechco.com,Kolkata,7/22/2001,8/29/2022,FINEMP1273,879877.54,3,8,75.82,3,3/24/2023,,,
FINEMP1167,Timothy Herrera,Support Specialist,Operations,timothy.herrera@fintechco.com,Ahmedabad,5/15/1984,11/18/2022,FINEMP1042,504505.84,13,3,77.63,5,7/28/2025,,,
FINEMP1168,Amy Zhang,Marketing Manager,Marketing,amy.zhang@fintechco.com,Ahmedabad,8/12/1979,3/4/2003,FINEMP1288,1854760.25,30,9,89.03,1,7/25/2018,,,
FINEMP1169,Curtis Thomas,Operations Associate,Operations,curtis.thomas@fintechco.com,Bengaluru,1/4/2002,10/21/2024,FINEMP1255,511816.55,28,7,99.61,4,5/21/2025,,,
FINEMP1170,Tina Parker,Talent Acquisition,HR,tina.parker@fintechco.com,Jaipur,8/29/1980,11/24/2022,FINEMP1140,1194361.35,11,7,96.39,2,8/19/2024,,,
FINEMP1171,Courtney Walsh,HR Generalist,HR,courtney.walsh@fintechco.com,Pune,2/10/2002,6/25/2022,FINEMP1159,808511.44,15,15,89.49,3,4/27/2023,,,
FINEMP1172,Julia Cuevas,Credit Officer,Finance,julia.cuevas@fintechco.com,Jaipur,7/11/1993,5/23/2011,FINEMP1299,1555572.26,0,1,89.18,4,6/1/2019,,,
FINEMP1173,Joseph Patton,Finance Manager,Finance,joseph.patton@fintechco.com,Bengaluru,7/16/1997,4/13/2023,FINEMP1282,1661260.6,29,7,73.12,2,11/23/2024,,,
FINEMP1174,Laurie Manning,Marketing Manager,Marketing,laurie.manning@fintechco.com,Jaipur,6/29/2004,6/23/2023,FINEMP1212,867782.13,9,14,93.02,5,1/8/2024,,,
FINEMP1175,Christopher Greene,Project Manager,Business,christopher.greene@fintechco.com,Delhi,5/26/1988,8/26/2024,FINEMP1084,1128636.04,5,2,96.13,5,11/15/2025,,,
FINEMP1176,Tim Clark,QA Engineer,Engineering,tim.clark@fintechco.com,Kolkata,7/31/1973,9/21/2024,FINEMP1256,2174521.83,15,4,99.64,5,10/18/2025,,,
FINEMP1177,Ryan Stewart,Finance Manager,Finance,ryan.stewart@fintechco.com,Mumbai,11/29/1984,11/26/2024,FINEMP1021,613813.8,10,9,84.94,5,11/3/2025,,,
FINEMP1178,Dawn Hoffman,Account Executive,Sales,dawn.hoffman@fintechco.com,Delhi,7/8/1979,7/25/2024,FINEMP1087,724557.93,21,9,75.73,2,7/16/2025,,,
FINEMP1179,Thomas Burke,Brand Manager,Marketing,thomas.burke@fintechco.com,Pune,11/2/1968,11/30/1989,FINEMP1284,1876795.24,20,10,78.83,3,5/3/2000,,,
FINEMP1180,Jose Watson,Project Manager,Business,jose.watson@fintechco.com,Pune,5/31/1971,6/13/2021,FINEMP1303,500489.37,5,3,98.12,2,1/22/2023,,,
FINEMP1181,Bryan Brooks,Finance Manager,Finance,bryan.brooks@fintechco.com,Kolkata,3/30/2003,11/26/2023,FINEMP1152,2119367.17,11,5,96.71,5,12/10/2025,,,
FINEMP1182,Kathryn Sexton,Accountant,Finance,kathryn.sexton@fintechco.com,Bengaluru,7/27/1995,4/22/2019,FINEMP1196,943378.86,6,5,95.79,1,8/22/2025,,,
FINEMP1183,Scott Rodriguez,Sales Executive,Sales,scott.rodriguez@fintechco.com,Jaipur,4/14/1989,11/15/2016,FINEMP1106,1870815.79,25,2,94.16,3,7/31/2019,,,
FINEMP1184,Kelly Dunn,Sales Manager,Sales,kelly.dunn@fintechco.com,Lucknow,6/30/1970,7/8/2017,FINEMP1277,1869983.67,22,12,77.52,1,4/19/2023,,,
FINEMP1185,Bryan Warner,Brand Manager,Marketing,bryan.warner@fintechco.com,Mumbai,9/29/1990,12/26/2018,FINEMP1112,1724663.46,17,14,76.06,3,1/22/2025,,,
FINEMP1186,Caroline Simpson,HR Generalist,HR,caroline.simpson@fintechco.com,Lucknow,6/9/1982,3/21/2021,FINEMP1010,1228557.05,10,7,99.17,3,12/22/2024,,,
FINEMP1187,Sean Conley,Software Engineer,Engineering,sean.conley@fintechco.com,Kolkata,11/9/1970,2/28/2014,FINEMP1286,2194607.77,6,3,82.47,2,1/24/2018,,,
FINEMP1188,David Adams,Accountant,Finance,david.adams@fintechco.com,Jaipur,10/27/2004,11/1/2022,FINEMP1081,1079860.36,25,3,71.93,5,7/20/2024,,,
FINEMP1189,Sydney Hooper,Accountant,Finance,sydney.hooper@fintechco.com,Ahmedabad,10/18/1991,2/3/2019,FINEMP1209,1720255.44,11,7,91.99,4,8/6/2025,,,
FINEMP1190,Lori Jones,Marketing Specialist,Marketing,lori.jones@fintechco.com,Jaipur,6/21/1966,7/16/1990,FINEMP1179,741946.61,1,1,87.68,4,3/14/2024,,,
FINEMP1191,Joseph Hartman,Financial Analyst,Finance,joseph.hartman@fintechco.com,Mumbai,5/16/1984,2/20/2021,FINEMP1005,1706940.4,30,6,72.95,3,11/19/2025,,,
FINEMP1192,Wayne Valdez,DevOps Engineer,Engineering,wayne.valdez@fintechco.com,Kolkata,6/13/1967,12/14/2009,FINEMP1107,825054.39,23,6,91.34,2,1/26/2016,,,
FINEMP1193,William Hill,Credit Officer,Finance,william.hill@fintechco.com,Pune,2/20/1979,9/13/2019,FINEMP1035,1422664.93,19,9,80.71,1,6/2/2022,,,
FINEMP1194,Timothy Smith,DevOps Engineer,Engineering,timothy.smith@fintechco.com,Lucknow,9/8/1997,6/26/2020,FINEMP1227,1540148.14,7,4,98.8,3,8/8/2023,,,
FINEMP1195,David Smith,QA Engineer,Engineering,david.smith@fintechco.com,Lucknow,7/25/1971,7/30/1990,FINEMP1142,2210845.95,16,3,90.67,3,5/5/2007,,,
FINEMP1196,Cameron Martinez,Finance Manager,Finance,cameron.martinez@fintechco.com,Lucknow,10/12/1968,10/10/2002,FINEMP1096,874691.16,25,6,79.47,5,6/23/2010,,,
FINEMP1197,Kevin Diaz,Software Engineer,Engineering,kevin.diaz@fintechco.com,Ahmedabad,5/17/1982,8/13/2003,FINEMP1109,2161100.96,18,14,85.4,1,11/4/2025,,,
FINEMP1198,Kyle Stewart,Project Manager,Business,kyle.stewart@fintechco.com,Delhi,6/14/1999,9/24/2018,FINEMP1231,887726.24,21,5,97.38,1,6/12/2025,,,
FINEMP1199,Cody Perry,HR Manager,HR,cody.perry@fintechco.com,Pune,10/15/1972,4/25/2016,FINEMP1200,598449.59,19,14,94.19,2,1/21/2026,,,
FINEMP1200,Heather Zimmerman,Talent Acquisition,HR,heather.zimmerman@fintechco.com,Chennai,4/23/1987,10/7/2021,FINEMP1250,717831.2,13,0,97.6,4,6/8/2025,,,
FINEMP1201,Deanna Griffin,Support Specialist,Operations,deanna.griffin@fintechco.com,Bengaluru,1/31/1987,2/1/2020,FINEMP1275,1379242.26,12,12,75.93,3,9/29/2021,,,
FINEMP1202,Corey Morgan,Financial Analyst,Finance,corey.morgan@fintechco.com,Delhi,12/28/1987,10/22/2012,FINEMP1181,1770951.74,20,3,83.7,5,11/10/2017,,,
FINEMP1203,Jose Greene,Brand Manager,Marketing,jose.greene@fintechco.com,Jaipur,8/31/1993,4/25/2021,FINEMP1097,692170.06,14,7,99.27,1,3/9/2022,,,
FINEMP1204,Kari Sanchez,Support Specialist,Operations,kari.sanchez@fintechco.com,Ahmedabad,3/27/1982,11/20/2002,FINEMP1022,1537966.37,10,15,97.34,1,10/13/2008,,,
FINEMP1205,Judith Mcfarland,Brand Manager,Marketing,judith.mcfarland@fintechco.com,Ahmedabad,4/13/2002,9/23/2023,FINEMP1113,1005281.94,30,3,95.81,2,3/27/2025,,,
FINEMP1206,Stephanie Martin,DevOps Engineer,Engineering,stephanie.martin@fintechco.com,Ahmedabad,3/7/2002,6/17/2021,FINEMP1137,1651269.15,24,10,90.31,2,8/25/2025,,,
FINEMP1207,Colin Holmes,Sales Manager,Sales,colin.holmes@fintechco.com,Bengaluru,9/17/2004,9/1/2022,FINEMP1115,1006268.82,21,10,76.1,5,12/4/2023,,,
FINEMP1208,Jennifer Stephens,QA Engineer,Engineering,jennifer.stephens@fintechco.com,Chennai,4/13/1999,4/16/2021,FINEMP1261,880258.03,16,12,74.81,1,6/29/2022,,,
FINEMP1209,Michelle Smith,Finance Manager,Finance,michelle.smith@fintechco.com,Bengaluru,11/11/1985,9/11/2006,FINEMP1189,2068350.43,0,4,78.63,1,1/8/2018,,,
FINEMP1210,Krystal Copeland,Talent Acquisition,HR,krystal.copeland@fintechco.com,Kolkata,5/10/1999,11/26/2021,FINEMP1140,1460330.85,28,8,96.86,3,5/28/2024,,,
FINEMP1211,Melissa York,Sales Executive,Sales,melissa.york@fintechco.com,Kolkata,5/22/1977,2/14/2017,FINEMP1236,558151.48,16,15,96.37,4,8/4/2019,,,
FINEMP1212,Laura Ortiz,Marketing Manager,Marketing,laura.ortiz@fintechco.com,Ahmedabad,9/23/1987,3/9/2005,FINEMP1266,933766.39,12,6,97.99,5,7/20/2024,,,
FINEMP1213,Kirk Fernandez,Support Specialist,Operations,kirk.fernandez@fintechco.com,Bengaluru,4/3/1984,9/14/2007,FINEMP1269,867867.77,4,3,71.44,2,7/20/2025,,,
FINEMP1214,Debra Avery,Customer Success,Operations,debra.avery@fintechco.com,Chennai,11/14/1988,2/16/2018,FINEMP1213,1155967.01,20,8,88.27,2,4/16/2023,,,
FINEMP1215,Faith Lee,Product Analyst,Business,faith.lee@fintechco.com,Kolkata,11/19/2000,10/9/2022,FINEMP1011,470450.28,25,0,90.66,5,11/30/2025,,,
FINEMP1216,Kevin Howard,Relationship Manager,Sales,kevin.howard@fintechco.com,Hyderabad,12/12/2003,3/14/2021,FINEMP1184,1727166.45,19,2,94.04,1,6/13/2022,,,
FINEMP1217,Caitlin Young,Credit Officer,Finance,caitlin.young@fintechco.com,Lucknow,7/4/1973,5/17/1999,FINEMP1189,1850212.33,21,6,76.8,5,4/26/2006,,,
FINEMP1218,Thomas Lloyd,Customer Success,Operations,thomas.lloyd@fintechco.com,Lucknow,4/10/1966,10/21/2001,FINEMP1302,787526.02,25,10,84.95,4,2/16/2007,,,
FINEMP1219,Aaron Velazquez,Data Engineer,Engineering,aaron.velazquez@fintechco.com,Kolkata,3/9/1986,9/15/2023,FINEMP1142,1351289.73,13,8,90.69,2,6/7/2025,,,
FINEMP1220,Andrew Baker,Credit Officer,Finance,andrew.baker@fintechco.com,Lucknow,3/6/1993,9/10/2023,FINEMP1196,1569804.18,0,3,82.83,3,12/4/2025,,,
FINEMP1221,Logan Taylor,Account Executive,Sales,logan.taylor@fintechco.com,Kolkata,8/10/2000,6/8/2018,FINEMP1165,1167803.46,5,6,78.84,4,10/29/2025,,,
FINEMP1222,Robert Chandler,Business Analyst,Business,robert.chandler@fintechco.com,Jaipur,5/29/1996,6/29/2019,FINEMP1175,593777.92,6,11,77.55,5,9/7/2025,,,
FINEMP1223,Kevin Choi,Software Engineer,Engineering,kevin.choi@fintechco.com,Pune,5/26/1972,8/9/1994,FINEMP1263,995463.94,0,3,85.37,4,11/15/2023,,,
FINEMP1224,Michael Benson,Product Analyst,Business,michael.benson@fintechco.com,Jaipur,1/23/1973,1/17/2012,FINEMP1251,1295922.19,26,4,85.09,3,2/10/2020,,,
FINEMP1225,Jenny Thomas,Marketing Manager,Marketing,jenny.thomas@fintechco.com,Lucknow,7/31/1988,5/23/2006,FINEMP1300,943828.76,25,13,97.09,3,4/24/2010,,,
FINEMP1226,Benjamin Baker,SEO Analyst,Marketing,benjamin.baker@fintechco.com,Ahmedabad,8/24/1998,12/12/2019,FINEMP1113,609323.12,7,3,74,5,4/7/2021,,,
FINEMP1227,Lori Payne,Software Engineer,Engineering,lori.payne@fintechco.com,Lucknow,8/19/1968,10/15/2022,FINEMP1238,1960871.23,9,3,74.25,4,8/7/2023,,,
FINEMP1228,April Harrington,Process Executive,Operations,april.harrington@fintechco.com,Delhi,11/7/1970,8/25/2008,FINEMP1136,1040344.48,6,8,90.45,1,12/27/2018,,,
FINEMP1229,Jessica Wagner,Financial Analyst,Finance,jessica.wagner@fintechco.com,Mumbai,10/20/1968,3/16/2014,FINEMP1009,1062068.51,22,7,83.99,1,3/13/2019,,,
FINEMP1230,Justin Stewart,Account Executive,Sales,justin.stewart@fintechco.com,Bengaluru,4/30/1985,3/10/2021,FINEMP1290,2005616.35,1,2,96.11,2,1/31/2022,,,
FINEMP1231,Deanna Clark,Operations Analyst,Business,deanna.clark@fintechco.com,Lucknow,2/28/1982,8/1/2005,FINEMP1215,943849.6,27,12,80.07,2,12/28/2006,,,
FINEMP1232,Lauren Jones,Relationship Manager,Sales,lauren.jones@fintechco.com,Bengaluru,6/4/1974,3/25/2008,FINEMP1277,1996099.33,4,3,97.36,3,4/21/2015,,,
FINEMP1233,Jerry Jimenez,Sales Executive,Sales,jerry.jimenez@fintechco.com,Mumbai,6/22/1998,4/25/2018,FINEMP1074,827029.75,16,8,89.24,3,12/6/2022,,,
FINEMP1234,Donald Oneill,Product Analyst,Business,donald.oneill@fintechco.com,Ahmedabad,7/20/1977,8/6/2010,FINEMP1251,797508.33,23,4,91.35,3,2/1/2026,,,
FINEMP1235,Jennifer Shannon,Credit Officer,Finance,jennifer.shannon@fintechco.com,Delhi,6/26/1967,11/19/1985,FINEMP1295,685853.22,18,8,89.45,5,9/3/2014,,,
FINEMP1236,Mark Jenkins,Account Executive,Sales,mark.jenkins@fintechco.com,Pune,8/22/1986,5/31/2004,FINEMP1019,816675.78,3,6,92.47,5,9/19/2021,,,
FINEMP1237,April Dennis,Accountant,Finance,april.dennis@fintechco.com,Hyderabad,3/18/1976,2/8/1996,FINEMP1021,2095466.53,4,0,83.86,3,1/29/2021,,,
FINEMP1238,Denise Williams,QA Engineer,Engineering,denise.williams@fintechco.com,Bengaluru,10/6/1988,7/1/2025,FINEMP1241,1387427.84,14,13,83.27,3,1/23/2026,,,
FINEMP1239,Jordan Nelson Jr.,Relationship Manager,Sales,jordan.nelson.jr.@fintechco.com,Jaipur,12/30/2004,3/7/2025,FINEMP1060,1762813.33,21,6,78.45,4,12/2/2025,,,
FINEMP1240,Kayla Walker,Support Specialist,Operations,kayla.walker@fintechco.com,Chennai,8/27/1984,9/21/2019,FINEMP1289,1017703.63,27,2,74.12,1,11/6/2024,,,
FINEMP1241,Sara Donovan,Data Engineer,Engineering,sara.donovan@fintechco.com,Pune,3/5/1975,1/5/2024,FINEMP1206,1130645.52,0,4,75.18,4,9/15/2024,,,
FINEMP1242,Laura Strickland,Marketing Manager,Marketing,laura.strickland@fintechco.com,Hyderabad,10/9/1985,4/5/2017,FINEMP1270,864908.23,20,12,95.74,5,11/11/2023,,,
FINEMP1243,Stacy Harrison,Finance Manager,Finance,stacy.harrison@fintechco.com,Jaipur,3/24/1983,12/10/2017,FINEMP1202,1899889,0,1,90.22,4,5/3/2024,,,
FINEMP1244,Theresa Weaver,Accountant,Finance,theresa.weaver@fintechco.com,Ahmedabad,5/24/2002,4/26/2024,FINEMP1282,1475110.02,13,3,97.76,1,9/5/2025,,,
FINEMP1245,Katherine Crawford,Financial Analyst,Finance,katherine.crawford@fintechco.com,Hyderabad,12/25/1988,7/22/2007,FINEMP1271,1416734.24,29,6,96.25,3,2/11/2023,,,
FINEMP1246,Connor Myers,Support Specialist,Operations,connor.myers@fintechco.com,Jaipur,5/5/1966,8/26/2023,FINEMP1143,918285.56,21,11,74.25,2,10/1/2024,,,
FINEMP1247,Todd Mccarty,Operations Associate,Operations,todd.mccarty@fintechco.com,Ahmedabad,4/1/1979,7/2/2021,FINEMP1128,758981.9,6,7,99.44,5,3/10/2024,,,
FINEMP1248,Jenna Thompson,Process Executive,Operations,jenna.thompson@fintechco.com,Mumbai,5/23/2003,11/1/2025,FINEMP1275,1334207.63,6,3,79.82,2,1/14/2026,,,
FINEMP1249,Kevin Johnson,Accountant,Finance,kevin.johnson@fintechco.com,Hyderabad,9/18/1978,7/31/1999,FINEMP1243,2040152.44,13,7,77.06,2,7/25/2018,,,
FINEMP1250,Rita Hardy,HR Executive,HR,rita.hardy@fintechco.com,Hyderabad,1/5/2003,10/25/2023,FINEMP1276,470636.72,5,0,88.45,2,9/5/2024,,,
FINEMP1251,William Herman,Product Analyst,Business,william.herman@fintechco.com,Kolkata,10/29/1975,10/2/2011,FINEMP1234,1152500.97,0,3,71.71,1,4/9/2013,,,
FINEMP1252,Steven Mendoza,Brand Manager,Marketing,steven.mendoza@fintechco.com,Lucknow,5/16/1973,10/2/2000,FINEMP1046,960164.6,19,13,76.4,3,7/31/2009,,,
FINEMP1253,Melissa Colon,Support Specialist,Operations,melissa.colon@fintechco.com,Pune,11/18/1968,6/18/2015,FINEMP1128,1089270.86,27,5,84.97,1,2/19/2021,,,
FINEMP1254,William Santiago,Marketing Manager,Marketing,william.santiago@fintechco.com,Jaipur,5/17/1969,10/14/2014,FINEMP1205,1522982.85,12,15,86.9,4,12/8/2017,,,
FINEMP1255,Karen Walker,Operations Associate,Operations,karen.walker@fintechco.com,Chennai,6/18/1974,2/28/2002,FINEMP1135,480380.53,20,12,84.96,1,12/13/2009,,,
FINEMP1256,Maria Ruiz,Software Engineer,Engineering,maria.ruiz@fintechco.com,Kolkata,11/3/2001,2/4/2020,FINEMP1109,1240379.01,21,15,93.04,4,11/21/2024,,,
FINEMP1257,Mrs. Kathleen Mayer,Process Executive,Operations,mrs..kathleen.mayer@fintechco.com,Kolkata,8/20/1971,12/16/2018,FINEMP1291,637807.65,7,10,75.77,3,7/4/2022,,,
FINEMP1258,Norma Smith,Business Analyst,Business,norma.smith@fintechco.com,Bengaluru,2/24/1974,10/29/1996,FINEMP1231,1759223.41,25,5,71.07,3,11/18/2022,,,
FINEMP1259,Carl Jackson,Product Analyst,Business,carl.jackson@fintechco.com,Chennai,11/15/1969,8/4/2007,FINEMP1234,459782.17,22,10,99.94,3,6/12/2025,,,
FINEMP1260,Connie Oconnor,Accountant,Finance,connie.oconnor@fintechco.com,Lucknow,9/5/1966,4/24/1986,FINEMP1245,613248.73,26,4,89.29,5,10/14/2002,,,
FINEMP1261,Sara Brooks,Data Engineer,Engineering,sara.brooks@fintechco.com,Mumbai,5/6/1982,3/25/2023,FINEMP1146,2383660.04,14,15,80.11,3,7/18/2025,,,
FINEMP1262,Gerald Mendoza,Operations Associate,Operations,gerald.mendoza@fintechco.com,Mumbai,9/2/1996,9/7/2018,FINEMP1088,1422172.46,27,8,86.73,2,11/9/2023,,,
FINEMP1263,Yolanda Orozco,DevOps Engineer,Engineering,yolanda.orozco@fintechco.com,Mumbai,9/25/1975,8/1/2023,FINEMP1241,845190.78,24,15,91.93,3,3/6/2024,,,
FINEMP1264,Linda Schmidt,Marketing Manager,Marketing,linda.schmidt@fintechco.com,Delhi,10/21/1969,4/13/1996,FINEMP1007,1494522.16,5,0,78.56,1,11/7/2009,,,
FINEMP1265,Kathryn Marshall,Chief Marketing Officer,Executive,kathryn.marshall@fintechco.com,Pune,9/18/2002,12/25/2024,FINEMP1129,4593257.02,6,11,73.43,2,1/4/2026,,,
FINEMP1266,Christopher Brown,Marketing Specialist,Marketing,christopher.brown@fintechco.com,Hyderabad,12/13/2002,12/6/2021,FINEMP1203,1362761.35,11,5,93.37,3,10/4/2024,,,
FINEMP1267,Kaitlin Perez,Product Analyst,Business,kaitlin.perez@fintechco.com,Jaipur,11/26/1984,7/29/2025,FINEMP1215,687569.94,19,0,82.15,5,2/16/2026,,,
FINEMP1268,Rebecca Pierce,HR Manager,HR,rebecca.pierce@fintechco.com,Chennai,6/23/1995,12/13/2022,FINEMP1159,1264462.43,8,8,72.64,3,2/11/2026,,,
FINEMP1269,Lauren Wells,Customer Success,Operations,lauren.wells@fintechco.com,Ahmedabad,5/27/1996,11/18/2023,FINEMP1162,678314.91,28,0,79.23,1,3/6/2025,,,
FINEMP1270,Laura Farley,Marketing Manager,Marketing,laura.farley@fintechco.com,Hyderabad,12/15/2003,10/16/2025,FINEMP1287,1183920.02,20,12,92.43,1,12/12/2025,,,
FINEMP1271,Jimmy Archer,Accountant,Finance,jimmy.archer@fintechco.com,Delhi,6/26/1967,1/4/1986,FINEMP1021,1333389.86,11,13,81.54,1,6/28/2001,,,
FINEMP1272,Amy Carter,Business Analyst,Business,amy.carter@fintechco.com,Mumbai,6/3/1981,3/14/2017,FINEMP1278,1656093.2,10,0,77.99,2,11/18/2021,,,
FINEMP1273,Courtney Butler,Relationship Manager,Sales,courtney.butler@fintechco.com,Hyderabad,10/28/1991,4/30/2021,FINEMP1165,1487113.51,29,13,85.18,1,1/23/2022,,,
FINEMP1274,Kelly Contreras,HR Generalist,HR,kelly.contreras@fintechco.com,Hyderabad,10/5/1985,9/5/2003,FINEMP1200,1272480.78,10,7,81.77,1,11/14/2012,,,
FINEMP1275,Joann Jacobs,Process Executive,Operations,joann.jacobs@fintechco.com,Kolkata,1/31/1972,5/20/1998,FINEMP1161,1435700.63,26,15,82.63,1,9/11/2021,,,
FINEMP1276,Kristin Forbes,Talent Acquisition,HR,kristin.forbes@fintechco.com,Ahmedabad,3/22/1987,12/21/2007,FINEMP1200,1658994.61,14,15,99.5,4,10/4/2022,,,
FINEMP1277,Diana Crane,Sales Manager,Sales,diana.crane@fintechco.com,Pune,5/2/1976,10/20/2004,FINEMP1178,770250.73,17,11,92.23,4,3/16/2023,,,
FINEMP1278,Jean Suarez,Business Analyst,Business,jean.suarez@fintechco.com,Chennai,5/6/1972,9/24/1994,FINEMP1215,676783.34,6,11,84.79,4,2/10/2005,,,
FINEMP1279,Cassie Green,DevOps Engineer,Engineering,cassie.green@fintechco.com,Mumbai,1/11/1984,3/24/2008,FINEMP1163,1905679.07,13,11,93.44,4,8/30/2019,,,
FINEMP1280,Tina Martin,HR Executive,HR,tina.martin@fintechco.com,Hyderabad,8/2/1967,12/11/2009,FINEMP1123,1153530.05,3,5,80.45,1,9/20/2011,,,
FINEMP1281,Joshua Maldonado,Product Analyst,Business,joshua.maldonado@fintechco.com,Bengaluru,4/8/1970,1/5/1994,FINEMP1126,575505.03,28,2,96.68,3,6/19/2001,,,
FINEMP1282,Margaret Marshall,Financial Analyst,Finance,margaret.marshall@fintechco.com,Hyderabad,10/9/1978,10/18/2018,FINEMP1193,1446310.22,6,6,93.71,1,6/9/2019,,,
FINEMP1283,Thomas Mitchell,HR Manager,HR,thomas.mitchell@fintechco.com,Lucknow,10/18/1980,12/20/1998,FINEMP1154,1288900.04,6,10,80.95,2,2/27/2014,,,
FINEMP1284,Jessica Ellison,Marketing Manager,Marketing,jessica.ellison@fintechco.com,Pune,11/5/1975,5/11/2013,FINEMP1185,865633.09,27,6,81.32,1,7/10/2019,,,
FINEMP1285,Steven Nunez,Finance Manager,Finance,steven.nunez@fintechco.com,Mumbai,1/30/1967,9/8/1997,FINEMP1260,2073411,6,10,75.83,1,8/30/2019,,,
FINEMP1286,Leah Robinson,Data Engineer,Engineering,leah.robinson@fintechco.com,Bengaluru,1/26/1976,9/15/1996,FINEMP1256,1565062.52,20,15,76.21,2,5/11/2023,,,
FINEMP1287,Jennifer Sanchez,Marketing Specialist,Marketing,jennifer.sanchez@fintechco.com,Pune,7/10/1971,1/5/2026,FINEMP1046,830183.13,6,3,78.1,4,1/29/2026,,,
FINEMP1288,Sydney Brown,Brand Manager,Marketing,sydney.brown@fintechco.com,Kolkata,9/4/1987,12/4/2018,FINEMP1179,1609430.9,11,6,76.29,1,6/22/2019,,,
FINEMP1289,Troy Campbell,Operations Associate,Operations,troy.campbell@fintechco.com,Mumbai,5/10/1966,3/19/1989,FINEMP1143,794024.37,26,12,96.59,1,8/14/2013,,,
FINEMP1290,Matthew Ramos,Account Executive,Sales,matthew.ramos@fintechco.com,Chennai,1/18/1999,7/22/2017,FINEMP1037,1204993.14,11,6,71.95,5,2/29/2020,,,
FINEMP1291,Kimberly Acosta,Operations Associate,Operations,kimberly.acosta@fintechco.com,Delhi,10/21/1976,3/26/2009,FINEMP1293,1066189.97,1,4,72.34,2,8/3/2022,,,
FINEMP1292,John Wilson,Relationship Manager,Sales,john.wilson@fintechco.com,Mumbai,7/16/1973,9/2/2015,FINEMP1060,1135346.48,4,2,78.93,3,4/2/2024,,,
FINEMP1293,Angela Burns,Support Specialist,Operations,angela.burns@fintechco.com,Bengaluru,6/12/1977,8/16/2025,FINEMP1128,1492296.92,19,7,98.52,4,2/14/2026,,,
FINEMP1294,Alexis Kennedy,Financial Analyst,Finance,alexis.kennedy@fintechco.com,Ahmedabad,1/7/1996,1/18/2025,FINEMP1134,1026085.89,14,5,97.22,2,7/21/2025,,,
FINEMP1295,Dr. Chad Walker DDS,Finance Manager,Finance,dr..chad.walker.dds@fintechco.com,Hyderabad,4/27/2000,12/14/2020,FINEMP1249,728844,25,13,79.06,3,7/2/2021,,,
FINEMP1296,Taylor Miles,Project Manager,Business,taylor.miles@fintechco.com,Bengaluru,10/21/1976,3/4/2000,FINEMP1234,1427854.92,11,15,86.1,2,6/16/2012,,,
FINEMP1297,Alisha Harding,Support Specialist,Operations,alisha.harding@fintechco.com,Chennai,5/26/1979,8/14/1999,FINEMP1136,911269.33,16,13,92.03,5,5/10/2024,,,
FINEMP1298,Leah Valencia,Support Specialist,Operations,leah.valencia@fintechco.com,Pune,10/25/2001,5/23/2020,FINEMP1262,1449869.5,28,11,89.25,4,11/18/2023,,,
FINEMP1299,Austin Rios,Credit Officer,Finance,austin.rios@fintechco.com,Delhi,6/10/1966,5/22/2012,FINEMP1294,1882793.84,8,3,86.81,2,12/3/2017,,,
FINEMP1300,Cameron Jordan,Marketing Manager,Marketing,cameron.jordan@fintechco.com,Lucknow,5/9/2003,3/7/2025,FINEMP1226,1589763.16,27,0,82.67,2,10/26/2025,,,
FINEMP1301,Erin Jones,Project Manager,Business,erin.jones@fintechco.com,Jaipur,3/17/2000,2/13/2024,FINEMP1234,1569997.37,1,2,85.65,3,3/7/2025,,,
FINEMP1302,Brandon Martinez,Operations Associate,Operations,brandon.martinez@fintechco.com,Jaipur,1/18/1979,7/27/1997,FINEMP1143,1177071.2,0,2,89.87,2,10/1/2002,,,
FINEMP1303,Andrew Jennings,Project Manager,Business,andrew.jennings@fintechco.com,Ahmedabad,4/10/1983,10/4/2021,FINEMP1145,493379.72,10,14,73.7,5,4/3/2025,,,
FINEMP1304,Zachary Coleman,Accountant,Finance,zachary.coleman@fintechco.com,Lucknow,7/24/1982,10/11/2016,FINEMP1177,1521834.77,18,5,85.4,2,2/19/2018,,,
